{
    "CameraMatrix": [
        [
            14667.26752380547,
            0.0,
            1016.3782774526803
        ],
        [
            0.0,
            14640.902698318578,
            435.10072120595925
        ],
        [
            0.0,
            0.0,
            1.0
        ]
    ],
    "DistCoeffs": [
        [
            -0.7882561751035891,
            13.247426931088578,
            0.018809659519626674,
            0.01897440618458485,
            -23.533183752722802
        ]
    ],
    "Rotation": [
        [
            0.13027136075976528,
            -0.9878767003170823,
            0.08443339112242751
        ],
        [
            0.9840286406831884,
            0.13924261437055935,
            0.11090143668342839
        ],
        [
            -0.12131367145130784,
            0.06863759402751116,
            0.9902382914254119
        ]
    ],
    "TranslationVector": [
        [
            50.39063116177933
        ],
        [
            29.535728112522314
        ],
        [
            1281.3988602646434
        ]
    ],
    "ReprojectionError": 0.09300901743412562
}