{
    "CameraMatrix": [
        [
            16699.592311768145,
            0.0,
            1205.1487043288812
        ],
        [
            0.0,
            16547.90347455105,
            737.4821281450401
        ],
        [
            0.0,
            0.0,
            1.0
        ]
    ],
    "DistCoeffs": [
        [
            0.8083530763997812,
            -302.9573015048187,
            0.012826986187333854,
            -0.0065864735829565535,
            -0.01097507099539076
        ]
    ],
    "Rotation": [
        [
            0.42081223585299354,
            -0.8953467359714098,
            0.14584678447517238
        ],
        [
            0.9040970458531141,
            0.4271155280437472,
            0.01344832270520653
        ],
        [
            -0.07433433820299268,
            0.12620042824512862,
            0.9892157793296009
        ]
    ],
    "TranslationVector": [
        [
            18.762628975902214
        ],
        [
            1.015918246717621
        ],
        [
            1447.353530463174
        ]
    ],
    "ReprojectionError": 0.17375506466275772
}